old_commit	new_commit	unchanged_tree
e52270c5d7e671095f7383d3d79abd8704340599	e7ed92fbf464e91d2dae80ef22316e7d90597bd1	881b74f3659bc65493226675612fe55b7cab8192
d0b4dd2ccb3bd99fb530db759df6dc95e6361aa1	722cc3bd5ca72849f4dd19576ec507ff2a07b5c0	6a91eb903d2058d03d16f446e6af61364fc74616
1662aaadf23c5f0669dc092e8b1be1f6306c1c6b	dc6e3a8606b115f701db8fb08c36a18c5810c71e	dfa90825f3676e6a6d7ec6af2ddcb84bf6f54905
664a7425bb9834f25b253a649fb23fdad9a39428	4f1eea2662d1e53c172946b2a23dde575cfd9b26	f36365b7ea3b702c8367e9dbb0c644794bfb2a9c
c740e6800404b247bd093be39daa9bcc87fe8ad5	61938dd172e888f2f204c2eada6104231a8dae51	8d8221c9caa21c381151587ded62a45aebb7345e
14f3b74a1cda0f8335a1121f5fa1948881f7cfab	6d5412d03ad9a2858b5c11a44c1c0214f6480630	a7cad7288a5e9e6167813d0c5cdc77e79aa9df89
ce8b626ab3cf8147829716f7828dff7fceba6cde	a810b73a2319ee65d25d6a4c7f0738dfb769d159	4c35a7a1b312118b68900d9b5226a22082f21b57
35635be8d82df315cfa7c50d22ba80f6cd49cdb4	9bae1538364bffe7be319aff46bcf0a7e0f67674	7ea6d33ae6f8f43000984a3b04b976986320c89c
f7dbb21d4281f440b05542be0fbd8eec638136fe	0927804311d36470d06ff6cdf46b7ac50ad84137	70976ddb1732efb94a9290498da972d2cf875bc2
8fba8ee3edc6b1d1838cebe1a432e3729e54e652	fcce512f167a417bab58515d4e1b57946dc53410	d47340ddf25b4787ee63211eba4762c47c7f9530
f26874ce42bef108005d673abb9592b4abec3a87	79fabb5dc94d7e946307e14b999ab6ea13c57403	4ff73b63cdd37bb43066be853801b07ebc827784
883da35809cb1a3828876f272f108ae103fdf98a	53ded0924d2c7d338bb2a44afdaacc47794717b8	fafd341f86fd5892387a654dd26b98937ef1a768
3bc9f3b365245a951d360d9e6d3ff11043f726f0	a59d8f73aab720fe2f0309cf4a3bae1980e75005	e8f5bff902fce571af02f879ad7c995543a41aa2
4eeeca45bae7b10437e0e28e1bf9d7c59c4ac8d3	ba39b798ce6fbe47f751fe152f98e78ef4ff7a56	3738c60ebd02ef41e08b7cee908f6f13ca75aa8a
c1753fc1f71836f50ff7c6946d722dead07441a9	a45dcda4803c461dc0f1fe368475a462ddef5a6c	4db30560fe1b2d2d04a37836eeb3953667e0aff6
3b6ae889eff18a5cb55daa1d1473a614927565bf	f3fd6fc9f581b324b82542f7874f439f2efcea77	0939b351255a73ee5ab96fb4ba642d4bdaa68f33
d3634c74fb7e6a31806b2c79d94c8279f2e29be2	c31aed4f98d759bb159b6bfdf70decb025d717cc	743c9ecb5cec5cef6c9964758576f12fec626643
46798173ee9efe96d00c480d8aabf75540211d42	5f5aa6c01b7fb0e05621d2e1bd5998c5c9325e3c	971c07941ed17b10c02b28a638142bd81ae3d044
cb75486e955e476e963e55fb23c73cee492ab000	813f4ffdacc55ba7a158e88fb8124cd9fa39dce1	06e41694bfaf4338a026aaceec3f92ffedc8a260
0934e3951462c10360290be62f33773acc677b63	adb2a7381db0f22df6009cc25ff2a9c8e74e04f1	85deabf03e18068f25947bae07070db51ce2f5bf
5c004a27fbeaa00930d3c4d027dae8f8ad0a68bc	e1f851bd0e6d3f877920404c01119f483e59a2d8	599c013495930e9ceb2b40dc1cd15911fe51c95f
ea0b847111219000cd697d5620c62317e9cc4826	53cb117c1c05482495346f841f35a8aede3b0568	ddabc8465336405aaba1901f08fbc20e554747a4
afcb1f2a959f57f902c779f6bd16e882ab894d4e	e792dfcb25ff9a2ab99bf7df311c0988292f55ed	f5158b5952c7c66eaab5ccdb473069beca6aa650
e6cce08bd5cda37a1cefb17009d41d89d5e8600b	758a235976f9b1086b76ff7563024bd2339e1ff1	d04537fd56a114ac370130dd02c6769796d97cf4
afbddebf7407a4493c6ab59577609cbe516c92c6	165054f0e7e84a1360c06643207c8b67dfe40188	73ebc293d3fd13354dd596c3f788c4f10fa259e9
2995a6ad80e8d769a4145ba13a15e521d4733831	a78840c1b274435aa14b1827e457a3a97406a79b	60391b253b431dce4d4309d753bbccebb85cc129
6c007385d758a91bb230c92d69ff8bc50f59f709	ef8f0d6b37ad795080b35dcf4dc2a7b3fcbaa896	b87b8b2f7058b93bf58e32c03acad79e01d410f5
dc71f118122becccc009f6c8859915e310bc47e2	4851c3c9ab05549390b332c69c8286428cf843bd	a1ecb80b210a49173a5cbb296f5fa01a4ea59ebf
ab859004f25d1fea69939b70eb5f992d0e58688d	67cecbc643ac5d4ca5bbb943fe873e651e6e4363	db0b21a2319c435062b99755f39349b03695d191
0d18400dfc5febb24a5ffbafc74fbd64dc6faea9	f45a0dfbf505d0b27095ce525bb94cd2cbb0da2d	c60280c091b956336b72ee1390cb10e2ec83b5be
8782e06b44237b08588cafb1927f3f57da72f12b	a77abc2c866563196eee5675195455b75ca0ff52	acbc4fa2be0640593c1ffb46634ff133306a1a7e
a1ca2ddd93bba4c5d75f4178f8eed7153c0e920c	09021d1fbebd9fdff0caee6a01778ca0f4b32ef6	00f450a5461d4508d5c8508461177b696ff772f5
b2a8ff6448be2b09f0a070e9a89f68e8f3eb5814	d0842acc4fb4d9ed7188cd0c6759fe5d04e55fd0	164258cf54de337dcba32d2bbfa7949318546a17
38bba064afca4cc0b27977001dae1112e19ac65f	a3e11a403cb9c09bd73de1e259b6bda0571bb450	dee31fbcd5b76dfed4c97b907ee2f54e46f37fa7
f0064ed7b12defb6f621affff625a3db55a0f492	b67678ec2a7b3ae57c0e0c9751daba1077cf5584	9aaeacb997ab08c8c5a1310c97333c04cc66fa08
0fa18bed8e75169ca13acbf462381fa0d8a511f4	fb7cf8a8c88e43277758fbd4da2be4df22048728	a006436d47d55912d58145f2880e21fb65ccda3e
b23f911aff8859e5221720f3de2cb88a10b19ef2	4bdd13dc64e1867713bdbfd81807d59880977b15	3f7522d426c5b7944d334a019e52521ca9f9a472
b5a8d4db31b290b40bcc19572e1544425f8a56a3	fd5af4eeea1bb395c8dde78fb5dfbbda4d42f53f	f996ce82a865a117bde4ae902940cc6424b4c242
